par1,outcome
0.21120129525661469,0.0
0.7485990524291992,0.0
